Subtype 1,Subtype 2,Subtype 3,Subtype 4
-2820.5767750630844,-1965.876169890187,-1761.253133680515,-1761.284910397058
-2988.5182903715972,-1980.3495332118496,-1768.8038194050105,-1768.6386096130339
-2722.1878052818656,-1809.3692360146863,-1734.7600677265102,-1734.9381975522692
